Workbook

Sheet Dashboard
A1: Olist Delivery Operations Dashboard (Jan 2017 - Aug 2018)
B3: Delivered orders | D3: On-time delivery rate % | F3: Low reviews (1-2★): late vs on-time | H3: RJ excess late orders
B4: =SUM(Q1_monthly!B2:B21) -> 96018 | D4: =ROUND((1-SUM(Q3_on_time!C2:C21)/SUM(Q3_on_time!B2:B21))*100,1) -> 93.2 | F4: =TEXT(Q7_reviews!D3,"0.0")&"% vs "&TEXT(Q7_reviews!D2,"0.0")&"%" -> 62.4% vs 9.2% | H4: =_xlfn.XLOOKUP("RJ",Q4_state!A2:A18,Q4_state!F2:F18) -> 676
B5: ="Insight: "&Q4_state!I1&" states with late rate above 10% account for "&Q4_state!I2&"% of orders but "&Q4_state!I3&"% of late orders." -> Insight: 7 states with late rate above 10% account for 22.4% of orders but 41.1% of late orders.

Sheet Pivot_quarterly
A3: Row Labels | B3: Sum of delivered_orders
A4: 2017 | B4: 43406
A5: Qtr1 | B5: 4945
A6: Qtr2 | B6: 8981
A7: Qtr3 | B7: 12201
A8: Qtr4 | B8: 17279
A9: 2018 | B9: 52612
A10: Qtr1 | B10: 20627
A11: Qtr2 | B11: 19560
A12: Qtr3 | B12: 12425
A13: Grand Total | B13: 96018
A15: Note: 2018 Q3 includes July-August only.

Sheet Q1_monthly
A1: order_month | B1: delivered_orders | C1: previous_month_orders | D1: percentage_change
A2: 42736 | B2: 749
A3: 42767 | B3: 1651 | C3: 749 | D3: 120.43
A4: 42795 | B4: 2545 | C4: 1651 | D4: 54.15
A5: 42826 | B5: 2303 | C5: 2545 | D5: -9.51
A6: 42856 | B6: 3544 | C6: 2303 | D6: 53.89
A7: 42887 | B7: 3134 | C7: 3544 | D7: -11.57
A8: 42917 | B8: 3861 | C8: 3134 | D8: 23.2
A9: 42948 | B9: 4191 | C9: 3861 | D9: 8.55
A10: 42979 | B10: 4149 | C10: 4191 | D10: -1
A11: 43009 | B11: 4478 | C11: 4149 | D11: 7.93
A12: 43040 | B12: 7288 | C12: 4478 | D12: 62.75
A13: 43070 | B13: 5513 | C13: 7288 | D13: -24.36
A14: 43101 | B14: 7069 | C14: 5513 | D14: 28.22
... A21: 43313 | B21: 6306 | C21: 6119 | D21: 3.06

Sheet Q2_delivery_time
A1: order_month | B1: delivered_orders | C1: avg_delivery_days | D1: median_delivery_days
A2: 42736 | B2: 749 | C2: 12.6 | D2: 10.8
A3: 42767 | B3: 1651 | C3: 13.2 | D3: 11
A4: 42795 | B4: 2545 | C4: 13 | D4: 10.1
A5: 42826 | B5: 2303 | C5: 14.9 | D5: 12.8
A6: 42856 | B6: 3544 | C6: 11.3 | D6: 9.8
A7: 42887 | B7: 3134 | C7: 12 | D7: 10.8
A8: 42917 | B8: 3861 | C8: 11.6 | D8: 10.2
A9: 42948 | B9: 4191 | C9: 11.2 | D9: 9.8
A10: 42979 | B10: 4149 | C10: 11.8 | D10: 10.3
A11: 43009 | B11: 4478 | C11: 11.9 | D11: 10.3
A12: 43040 | B12: 7288 | C12: 15.2 | D12: 12.7
A13: 43070 | B13: 5513 | C13: 15.4 | D13: 13.1
... A21: 43313 | B21: 6306 | C21: 7.7 | D21: 7

Sheet Q3_on_time
A1: order_month | B1: delivered_orders | C1: late_orders | D1: on_time_rate_pct
A2: 42736 | B2: 749 | C2: 22 | D2: 97.06
A3: 42767 | B3: 1651 | C3: 49 | D3: 97.03
A4: 42795 | B4: 2545 | C4: 116 | D4: 95.44
A5: 42826 | B5: 2303 | C5: 151 | D5: 93.44
A6: 42856 | B6: 3544 | C6: 106 | D6: 97.01
A7: 42887 | B7: 3134 | C7: 95 | D7: 96.97
A8: 42917 | B8: 3861 | C8: 108 | D8: 97.2
A9: 42948 | B9: 4191 | C9: 122 | D9: 97.09
A10: 42979 | B10: 4149 | C10: 181 | D10: 95.64
A11: 43009 | B11: 4478 | C11: 187 | D11: 95.82
A12: 43040 | B12: 7288 | C12: 904 | D12: 87.6
A13: 43070 | B13: 5513 | C13: 411 | D13: 92.54
... A21: 43313 | B21: 6306 | C21: 393 | D21: 93.77

Sheet Q4_state
A1: customer_state | B1: delivered_orders | C1: late_orders | D1: late_percentage | E1: avg_freight | F1: excess_late_orders | H1: States with late rate > 10% | I1: =COUNTIFS(D2:D18,">10") -> 7
A2: SP | B2: 40334 | C2: 1815 | D2: 4.5 | E2: =_xlfn.XLOOKUP(A2,Q5_freight!$A$2:$A$18,Q5_freight!$C$2:$C$18,"n/a") -> 17.33 | F2: =ROUND(C2-B2*SUM($C$2:$C$18)/SUM($B$2:$B$18),0) -> -874 | H2: Their share of orders % | I2: =ROUND(SUMIFS(B2:B18,D2:D18,">10")/SUM(B2:B18)*100,1) -> 22.4
A3: MG | B3: 11293 | C3: 519 | D3: 4.6 | E3: =_xlfn.XLOOKUP(A3,Q5_freight!$A$2:$A$18,Q5_freight!$C$2:$C$18,"n/a") -> 23.48 | F3: =ROUND(C3-B3*SUM($C$2:$C$18)/SUM($B$2:$B$18),0) -> -234 | H3: Their share of late orders % | I3: =ROUND(SUMIFS(C2:C18,D2:D18,">10")/SUM(C2:C18)*100,1) -> 41.1
A4: PR | B4: 4892 | C4: 199 | D4: 4.07 | E4: =_xlfn.XLOOKUP(A4,Q5_freight!$A$2:$A$18,Q5_freight!$C$2:$C$18,"n/a") -> 23.49 | F4: =ROUND(C4-B4*SUM($C$2:$C$18)/SUM($B$2:$B$18),0) -> -127
A5: RS | B5: 5310 | C5: 325 | D5: 6.12 | E5: =_xlfn.XLOOKUP(A5,Q5_freight!$A$2:$A$18,Q5_freight!$C$2:$C$18,"n/a") -> 24.82 | F5: =ROUND(C5-B5*SUM($C$2:$C$18)/SUM($B$2:$B$18),0) -> -29
A6: DF | B6: 2071 | C6: 118 | D6: 5.7 | E6: =_xlfn.XLOOKUP(A6,Q5_freight!$A$2:$A$18,Q5_freight!$C$2:$C$18,"n/a") -> 23.84 | F6: =ROUND(C6-B6*SUM($C$2:$C$18)/SUM($B$2:$B$18),0) -> -20
A7: MT | B7: 882 | C7: 53 | D7: 6.01 | E7: =_xlfn.XLOOKUP(A7,Q5_freight!$A$2:$A$18,Q5_freight!$C$2:$C$18,"n/a") -> 32.74 | F7: =ROUND(C7-B7*SUM($C$2:$C$18)/SUM($B$2:$B$18),0) -> -6
A8: GO | B8: 1944 | C8: 128 | D8: 6.58 | E8: =_xlfn.XLOOKUP(A8,Q5_freight!$A$2:$A$18,Q5_freight!$C$2:$C$18,"n/a") -> 26.28 | F8: =ROUND(C8-B8*SUM($C$2:$C$18)/SUM($B$2:$B$18),0) -> -2
A9: PB | B9: 516 | C9: 54 | D9: 10.47 | E9: =_xlfn.XLOOKUP(A9,Q5_freight!$A$2:$A$18,Q5_freight!$C$2:$C$18,"n/a") -> 48.89 | F9: =ROUND(C9-B9*SUM($C$2:$C$18)/SUM($B$2:$B$18),0) -> 20
A10: MS | B10: 699 | C10: 68 | D10: 9.73 | E10: =_xlfn.XLOOKUP(A10,Q5_freight!$A$2:$A$18,Q5_freight!$C$2:$C$18,"n/a") -> 27.05 | F10: =ROUND(C10-B10*SUM($C$2:$C$18)/SUM($B$2:$B$18),0) -> 21
A11: PA | B11: 941 | C11: 106 | D11: 11.26 | E11: =_xlfn.XLOOKUP(A11,Q5_freight!$A$2:$A$18,Q5_freight!$C$2:$C$18,"n/a") -> 39.65 | F11: =ROUND(C11-B11*SUM($C$2:$C$18)/SUM($B$2:$B$18),0) -> 43
A12: PE | B12: 1586 | C12: 153 | D12: 9.65 | E12: =_xlfn.XLOOKUP(A12,Q5_freight!$A$2:$A$18,Q5_freight!$C$2:$C$18,"n/a") -> 35.79 | F12: =ROUND(C12-B12*SUM($C$2:$C$18)/SUM($B$2:$B$18),0) -> 47
A13: SC | B13: 3525 | C13: 291 | D13: 8.26 | E13: =_xlfn.XLOOKUP(A13,Q5_freight!$A$2:$A$18,Q5_freight!$C$2:$C$18,"n/a") -> 24.81 | F13: =ROUND(C13-B13*SUM($C$2:$C$18)/SUM($B$2:$B$18),0) -> 56
A14: MA | B14: 710 | C14: 125 | D14: 17.61 | E14: =_xlfn.XLOOKUP(A14,Q5_freight!$A$2:$A$18,Q5_freight!$C$2:$C$18,"n/a") -> 42.78 | F14: =ROUND(C14-B14*SUM($C$2:$C$18)/SUM($B$2:$B$18),0) -> 78
A15: ES | B15: 1986 | C15: 214 | D15: 10.78 | E15: =_xlfn.XLOOKUP(A15,Q5_freight!$A$2:$A$18,Q5_freight!$C$2:$C$18,"n/a") -> 24.51 | F15: =ROUND(C15-B15*SUM($C$2:$C$18)/SUM($B$2:$B$18),0) -> 82
... A18: RJ | B18: 12291 | C18: 1495 | D18: 12.16 | E18: =_xlfn.XLOOKUP(A18,Q5_freight!$A$2:$A$18,Q5_freight!$C$2:$C$18,"n/a") -> 23.96 | F18: =ROUND(C18-B18*SUM($C$2:$C$18)/SUM($B$2:$B$18),0) -> 676

Sheet Q5_freight
A1: customer_state | B1: delivered_orders | C1: avg_freight_per_order | D1: freight_share_pct
A2: PB | B2: 516 | C2: 48.89 | D2: 22.42
A3: MA | B3: 710 | C3: 42.78 | D3: 26.14
A4: PA | B4: 941 | C4: 39.65 | D4: 21.53
A5: CE | B5: 1272 | C5: 36.5 | D5: 21.29
A6: PE | B6: 1586 | C6: 35.79 | D6: 22.66
A7: MT | B7: 882 | C7: 32.74 | D7: 19.02
A8: BA | B8: 3249 | C8: 29.95 | D8: 19.75
A9: MS | B9: 699 | C9: 27.05 | D9: 16.41
A10: GO | B10: 1944 | C10: 26.28 | D10: 18.16
A11: RS | B11: 5310 | C11: 24.82 | D11: 18.2
A12: SC | B12: 3525 | C12: 24.81 | D12: 17.38
A13: ES | B13: 1986 | C13: 24.51 | D13: 18.27
... A18: SP | B18: 40334 | C18: 17.33 | D18: 13.85

Sheet Q6_stages
A1: is_late | B1: delivered_orders | C1: avg_seller_days | D1: avg_transit_days
A2: On time | B2: 89490 | C2: 3 | D2: 7.99
A3: Late | B3: 6528 | C3: 6.04 | D3: 27.9

Sheet Q7_reviews
A1: is_late | B1: delivered_orders | C1: avg_review_score | D1: low_score_pct
A2: 0 | B2: 89001 | C2: 4.29 | D2: 9.21
A3: 1 | B3: 6375 | C3: 2.27 | D3: 62.37

Sheet Q8_sellers
A1: seller_id | B1: delivered_orders | C1: late_percentage | D1: avg_seller_days
A2: ede0c03645598cdfc63ca8237acbe73d | B2: 43 | C2: 32.56 | D2: 3.72
A3: ad781527c93d00d89a11eecd9dcad7c1 | B3: 38 | C3: 31.58 | D3: 11.58
A4: 54965bbe3e4f07ae045b90b0b8541f52 | B4: 73 | C4: 30.14 | D4: 15.31
A5: 2a1348e9addc1af5aaa619b1a3679d6b | B5: 48 | C5: 27.08 | D5: 5.13
A6: 835f0f7810c76831d6c7d24c7a646d4d | B6: 42 | C6: 26.19 | D6: 9.62
A7: beadbee30901a7f61d031b6b686095ad | B7: 64 | C7: 23.44 | D7: 7.5
A8: a49928bcdf77c55c6d6e05e09a9b4ca5 | B8: 96 | C8: 21.88 | D8: 7.23
A9: ef990a83bbea832f36ebe81376335aa8 | B9: 43 | C9: 20.93 | D9: 2.25
A10: 712e6ed8aa4aa1fa65dab41fed5737e4 | B10: 77 | C10: 20.78 | D10: 8.04
A11: 3fd1e727ba94cfe122d165e176ce7967 | B11: 35 | C11: 20 | D11: 2.35
